,id,frequency
0,7125,1
1,378,1
2,4298,1
3,4329,7
4,77,309
5,211,129
6,2259,1
7,6291,1
8,1727,1
9,5026,1
10,271,1
11,4046,1
12,1315,1
13,3977,1
14,196,2
15,4863,2
16,3155,1
17,436,1
18,2025,1
19,2378,1
20,5262,1
21,1176,1
22,3701,1
23,145,2
24,4902,2
25,5789,1
26,6023,1
27,3964,1
28,7135,1
29,7138,1
30,16709,1
31,2535,1
32,1099,1
33,4332,1
34,4379,2
35,4381,1
36,5759,1
37,16710,1
38,4690,2
39,3819,3
40,4919,1
41,4920,1
42,4267,12
43,2957,5
44,2179,1
45,2626,1
46,2629,1
47,2643,1
48,2814,3
49,1601,1
50,723,1
51,6241,1
52,6243,1
53,6244,1
54,6245,1
55,6246,1
56,6249,3
57,6252,1
58,6253,1
59,186,1
60,3336,1
61,3350,1
62,3545,1
63,3936,1
64,5998,11
65,625,5
66,3052,19
67,5940,22
68,2519,2
69,3543,2
70,4057,1
71,4201,1
72,5624,1
73,3553,1
74,188,1
75,279,1
76,861,52
77,5189,1
78,5261,5
79,6789,1
80,5276,3
81,6557,8
82,5164,1
83,5165,1
84,6110,1
85,6403,1
86,1316,1
87,1548,7
88,2954,1
89,2028,1
90,6995,1
91,4271,1
92,1961,1
93,3640,1
94,7024,1
95,5648,12
96,2142,1
97,2870,2
98,7049,1
99,7398,1
100,2884,1
101,2741,2
102,6993,1
103,7492,1
104,435,1
105,7234,1
106,7339,1
107,7405,1
108,7433,1
109,7574,1
110,7645,1
111,7728,1
112,7736,1
113,3382,1
114,3656,2
115,6818,2
116,6839,1
117,215,2
118,1291,1
119,1384,1
120,1388,1
121,1647,1
122,1648,1
123,1649,1
124,1651,1
125,1993,1
126,3381,1
127,4677,1
128,4680,1
129,4682,1
130,5390,1
131,3613,1
132,2963,1
133,16738,1
134,1522,1
135,2230,1
136,2266,1
137,6478,1
138,2114,1
139,2943,1
140,6413,4
141,6,1
142,34,1
143,2468,1
144,4877,1
145,5612,1
146,363,1
147,2469,1
148,3308,1
149,3730,1
150,3956,1
151,4020,1
152,4974,1
153,5645,1
154,6947,1
155,5002,2
156,1413,1
157,586,1
158,1285,1
159,9048,1
160,3919,1
161,20,1
162,53,1
163,599,1
164,600,1
165,601,1
166,741,1
167,747,1
168,751,1
169,5033,1
170,5441,1
171,5442,1
172,6119,1
173,6796,1
174,7078,1
175,7082,1
176,2945,15
177,3812,1
178,7393,1
179,6357,3
180,552,1
181,3266,1
182,4019,1
183,6880,9
184,3168,1
185,1636,1
186,2604,1
187,2605,1
188,4060,2
189,4413,1
190,4416,1
191,4471,1
192,4556,5
193,5533,1
194,5607,1
195,5879,1
196,5884,1
197,6758,1
198,3263,1
199,2908,1
200,6996,3
201,3542,3
202,4306,4
203,4269,1
204,4671,1
205,2294,1
206,2662,2
207,16751,1
208,16752,1
209,16753,1
210,16754,1
211,16755,1
212,16756,1
213,16757,1
214,16758,1
215,16759,1
216,16760,1
217,16761,1
218,16762,1
219,3607,1
220,6522,1
221,2207,1
222,213,1
223,4126,1
224,4845,1
225,2950,1
226,4985,1
227,4699,1
228,3001,1
229,7221,1
230,1819,2
231,7140,1
232,2105,4
233,6335,1
234,7133,1
235,8050,1
236,3509,3
237,891,1
238,2625,1
239,7765,3
240,8086,1
241,7848,1
242,7974,1
243,4102,6
244,6991,5
245,7861,1
246,7862,1
247,5849,1
248,5619,19
249,8090,1
250,7759,1
251,631,1
252,691,1
253,844,2
254,2327,1
255,2782,1
256,3569,1
257,5450,4
258,8023,1
259,8024,1
260,6511,5
261,4574,11
262,7878,1
263,7935,1
264,7936,1
265,7883,1
266,7829,1
267,332,17
268,773,1
269,779,5
270,2531,1
271,3444,1
272,6747,6
273,6757,1
274,6863,9
275,6975,1
276,7766,1
277,7767,1
278,7768,1
279,7769,1
280,7770,4
281,7771,1
282,7772,1
283,7774,1
284,7775,1
285,7776,1
286,7777,1
287,7780,1
288,7781,1
289,7782,1
290,7783,1
291,7784,1
292,7785,1
293,7786,1
294,7787,1
295,7788,1
296,7789,1
297,7790,1
298,7791,1
299,7793,1
300,7794,1
301,7795,1
302,7796,1
303,7797,1
304,7798,1
305,7799,1
306,7800,1
307,7801,1
308,7802,1
309,7804,1
310,7805,1
311,7806,1
312,7807,1
313,7808,1
314,7809,1
315,7810,1
316,7811,5
317,7812,1
318,7813,3
319,7814,1
320,7815,1
321,7816,1
322,7817,1
323,7818,1
324,7819,1
325,7820,1
326,7821,1
327,7822,1
328,7823,1
329,7824,1
330,7825,1
331,7826,1
332,7827,2
333,16777,1
334,16778,1
335,16779,1
336,8083,1
337,7895,1
338,8507,1
339,2489,14
340,9207,1
341,8516,1
342,8426,1
343,8687,1
344,5274,1
345,8330,1
346,8547,1
347,8548,1
348,8680,1
349,1072,1
350,2108,2
351,4114,1
352,6834,4
353,8610,1
354,8611,1
355,8612,1
356,8614,1
357,8615,1
358,8616,1
359,8617,1
360,8618,1
361,8619,1
362,8620,1
363,8621,1
364,8622,1
365,8623,1
366,8625,1
367,8626,1
368,8627,1
369,8628,1
370,8629,1
371,8630,1
372,8631,1
373,8632,1
374,8633,1
375,8293,1
376,2964,5
377,8646,1
378,8221,1
379,9372,1
380,8542,1
381,2124,12
382,8191,1
383,8597,1
384,8598,1
385,8599,1
386,6272,6
387,7865,1
388,6490,1
389,8343,1
390,8686,1
391,136,1
392,8123,1
393,8125,1
394,8356,1
395,5589,1
396,4056,2
397,8492,1
398,8263,1
399,8854,1
400,6356,8
401,2073,4
402,7938,1
403,8020,1
404,16791,1
405,3578,1
406,8805,1
407,8862,1
408,8788,1
409,4272,2
410,8874,1
411,8820,1
412,3925,1
413,8804,1
414,8770,1
415,8771,1
416,8861,1
417,8829,1
418,8859,1
419,8860,1
420,8821,1
421,8822,1
422,9073,14
423,8884,1
424,9099,1
425,4012,1
426,9083,1
427,6720,9
428,1121,1
429,5689,2
430,2190,3
431,8894,1
432,1592,2
433,9022,1
434,9109,1
435,16801,1
436,9103,1
437,9823,1
438,4374,4
439,8926,4
440,91,46
441,8936,1
442,8937,1
443,8938,1
444,16802,1
445,2904,1
446,4414,1
447,9002,1
448,8993,1
449,9084,1
450,9143,1
451,5966,4
452,8939,1
453,4098,1
454,8918,1
455,5656,2
456,4342,4
457,8935,2
458,9148,1
459,9077,1
460,16803,1
461,7507,5
462,3608,1
463,8258,3
464,9247,10
465,9273,1
466,2863,6
467,11946,1
468,9522,1
469,9382,1
470,2031,2
471,9400,1
472,2926,1
473,9448,1
474,6129,1
475,9253,1
476,9051,1
477,9450,2
478,2894,1
479,5982,1
480,2195,6
481,822,5
482,9500,2
483,9497,1
484,2664,4
485,621,5
486,9381,1
487,9538,2
488,9496,1
489,9422,1
490,4541,10
491,3876,1
492,16815,1
493,9539,2
494,9508,1
495,9509,1
496,9512,24
497,9763,4
498,463,6
499,9789,1
500,9894,2
501,8797,1
502,9548,8
503,9827,2
504,9834,4
505,9922,1
506,9924,1
507,9991,1
508,9819,2
509,9868,8
510,9574,1
511,9587,1
512,9591,1
513,9958,1
514,9891,1
515,9599,1
516,9718,1
517,6732,14
518,6679,1
519,1235,1
520,9803,2
521,9054,2
522,11293,6
523,6726,3
524,4539,2
525,9853,22
526,9723,1
527,2044,4
528,9749,1
529,9750,1
530,9751,1
531,9752,1
532,9753,1
533,9754,1
534,9892,1
535,9899,1
536,9604,5
537,9626,2
538,9781,2
539,9929,1
540,3797,1
541,1493,3
542,9660,1
543,4182,1
544,9607,1
545,6729,1
546,9737,4
547,6734,1
548,9632,1
549,9358,2
550,6365,2
551,10209,1
552,778,4
553,10167,1
554,10096,1
555,10207,2
556,755,1
557,2549,2
558,7937,9
559,8216,1
560,10194,1
561,10153,2
562,6260,1
563,2278,1
564,5747,2
565,587,2
566,1554,1
567,4954,1
568,4961,1
569,10314,1
570,10315,1
571,10316,1
572,10235,2
573,10158,1
574,10068,1
575,10322,1
576,8464,1
577,10054,1
578,10280,1
579,10064,1
580,10329,1
581,10089,1
582,8171,1
583,8174,1
584,10264,1
585,10069,2
586,10278,1
587,6926,5
588,8728,6
589,2379,4
590,8322,1
591,3399,3
592,8810,4
593,9990,1
594,10204,1
595,10066,2
596,9330,2
597,10033,1
598,10271,1
599,10244,1
600,4969,5
601,9901,1
602,11366,1
603,10253,1
604,9248,1
605,10051,1
606,10223,1
607,9337,4
608,3103,1
609,9396,1
610,10259,1
611,10260,1
612,8668,1
613,10118,1
614,7476,1
615,10192,1
616,10477,1
617,3527,1
618,8482,1
619,10768,1
620,2550,1
621,5424,1
622,2194,2
623,10554,1
624,8907,1
625,10655,1
626,10748,1
627,8495,3
628,10518,1
629,1544,2
630,10604,1
631,2561,1
632,10410,1
633,4424,1
634,10794,1
635,10795,1
636,10797,1
637,10798,1
638,10799,1
639,10800,2
640,10803,1
641,10393,1
642,10743,1
643,10578,1
644,10624,3
645,10521,1
646,10732,1
647,6187,21
648,6393,1
649,10394,1
650,10395,1
651,10396,1
652,10756,1
653,10513,1
654,10792,1
655,10793,1
656,10742,1
657,6821,1
658,10416,1
659,3514,2
660,3515,2
661,2434,3
662,10804,1
663,8098,1
664,10390,1
665,10594,2
666,6854,2
667,10563,1
668,5597,1
669,10128,39
670,10523,1
671,10508,1
672,10092,7
673,10350,2
674,142,1
675,10538,1
676,10421,1
677,8881,6
678,8268,2
679,10495,1
680,10487,8
681,10486,1
682,10481,1
683,10496,1
684,10485,1
685,6376,1
686,6842,1
687,10817,1
688,10643,1
689,10786,1
690,10463,1
691,10807,1
692,6869,9
693,10572,1
694,10573,1
695,10494,1
696,10499,1
697,10500,1
698,3190,1
699,10814,1
700,1876,2
701,9646,5
702,10392,2
703,10767,1
704,10726,1
705,10840,1
706,8331,1
707,6879,1
708,6483,1
709,6688,1
710,10966,1
711,10625,1
712,10957,1
713,4786,1
714,4991,3
715,11001,1
716,7504,2
717,9250,1
718,10927,1
719,4989,1
720,10845,1
721,10990,1
722,6642,1
723,10872,1
724,6465,6
725,6468,5
726,6510,1
727,11015,1
728,11016,1
729,11017,1
730,11018,1
731,11019,1
732,11029,1
733,11030,1
734,11031,1
735,11032,1
736,11033,1
737,11034,1
738,11035,1
739,11036,1
740,11037,1
741,11038,1
742,11039,2
743,11040,1
744,11041,1
745,11042,1
746,11043,1
747,11045,1
748,11046,1
749,10974,1
750,4097,1
751,10960,1
752,8675,3
753,7008,2
754,10839,1
755,585,3
756,8337,1
757,7139,1
758,12425,1
759,3872,2
760,11007,2
761,10908,1
762,10965,1
763,16827,1
764,2421,5
765,10955,1
766,10862,1
767,10844,1
768,6973,1
769,2819,1
770,8384,1
771,10999,1
772,4949,3
773,9778,1
774,8699,4
775,10998,1
776,6794,1
777,4763,1
778,11316,1
779,11135,1
780,11208,1
781,2667,1
782,11306,1
783,11099,3
784,11227,1
785,11290,6
786,11122,1
787,11231,1
788,5300,1
789,11294,1
790,11269,1
791,11270,1
792,9875,3
793,11098,1
794,9565,3
795,11128,1
796,11129,1
797,8649,7
798,2412,2
799,3506,4
800,4933,2
801,216,2
802,10113,1
803,11264,4
804,11245,1
805,7493,2
806,7944,1
807,11100,1
808,11354,1
809,11075,1
810,11074,9
811,5745,1
812,11186,1
813,11187,2
814,7431,1
815,12335,1
816,11107,1
817,11342,7
818,8394,1
819,11317,1
820,4855,1
821,9511,1
822,11243,2
823,11251,1
824,11281,1
825,11172,2
826,6837,1
827,2825,1
828,11235,1
829,10273,1
830,11179,1
831,11180,1
832,11181,1
833,11182,1
834,11183,1
835,11184,1
836,11191,1
837,11192,1
838,11193,1
839,11194,1
840,11195,1
841,16829,1
842,16830,1
843,9963,1
844,10970,1
845,1972,2
846,2797,1
847,11348,1
848,8580,1
849,11515,9
850,11579,1
851,2038,1
852,11442,1
853,11388,1
854,9401,3
855,11383,2
856,11656,1
857,11646,1
858,10442,1
859,11408,2
860,10810,11
861,6815,2
862,11417,2
863,11409,1
864,11666,1
865,11410,1
866,11669,1
867,6602,2
868,11411,1
869,11587,1
870,11517,1
871,11528,1
872,16831,1
873,2868,2
874,11432,1
875,10831,1
876,10179,2
877,11492,1
878,16832,1
879,11541,1
880,6992,2
881,10040,1
882,11456,1
883,5570,1
884,11389,1
885,6384,6
886,1498,1
887,278,4
888,11540,1
889,11421,1
890,11422,1
891,1162,1
892,3614,7
893,11479,1
894,3025,1
895,10363,1
896,11447,1
897,9074,2
898,10183,5
899,11545,1
900,11558,2
901,10919,1
902,11559,1
903,10090,11
904,3988,1
905,11500,1
906,6812,1
907,11676,1
908,10602,4
909,2875,2
910,11887,1
911,11499,1
912,11457,1
913,10222,1
914,4270,1
915,11581,1
916,11523,3
917,11440,2
918,11448,1
919,7158,1
920,9882,2
921,11948,4
922,11856,2
923,6128,12
924,12023,2
925,11119,1
926,11867,1
927,11853,1
928,7091,2
929,10971,2
930,11760,1
931,10583,1
932,11905,5
933,16839,1
934,8408,1
935,12068,1
936,12022,1
937,12029,1
938,9473,3
939,12080,1
940,11832,1
941,151,2
942,8956,1
943,11860,1
944,6467,6
945,8278,2
946,9911,1
947,2239,2
948,9525,2
949,11907,1
950,8713,9
951,11862,1
952,11695,1
953,6194,13
954,9311,3
955,9458,1
956,12062,1
957,10279,4
958,12019,1
959,12051,1
960,10834,2
961,11947,1
962,12220,2
963,4273,4
964,11759,1
965,5234,2
966,11854,1
967,308,1
968,10867,2
969,11731,1
970,11732,1
971,11717,1
972,11804,1
973,12332,1
974,3442,6
975,9318,1
976,11953,1
977,12053,1
978,11573,1
979,11574,2
980,11687,1
981,11930,1
982,9537,1
983,4894,1
984,7947,1
985,11928,1
986,11929,1
987,11869,4
988,11770,1
989,11993,2
990,11889,1
991,11984,2
992,16845,1
993,11494,6
994,11091,2
995,11991,1
996,4415,1
997,12085,1
998,11851,1
999,11740,1
1000,11951,1
1001,6523,1
1002,11819,1
1003,12048,1
1004,11829,1
1005,11883,1
1006,17,1
1007,9938,1
1008,9040,1
1009,11925,1
1010,11996,1
1011,11960,2
1012,11692,25
1013,317,1
1014,8081,4
1015,12055,1
1016,11952,1
1017,11986,1
1018,11886,4
1019,11104,1
1020,12226,1
1021,12171,1
1022,12276,1
1023,12127,1
1024,841,8
1025,832,3
1026,12280,1
1027,11988,3
1028,12419,2
1029,12333,1
1030,8234,3
1031,11393,2
1032,9722,3
1033,2821,7
1034,12192,1
1035,12196,2
1036,12368,1
1037,12380,1
1038,12412,1
1039,2356,1
1040,12203,1
1041,12204,1
1042,12110,1
1043,12266,1
1044,12267,1
1045,1222,1
1046,12136,1
1047,12099,1
1048,12195,1
1049,12260,1
1050,12215,4
1051,205,1
1052,12121,1
1053,7925,1
1054,12399,1
1055,11959,1
1056,12141,1
1057,12326,1
1058,6558,3
1059,12316,1
1060,9407,4
1061,12113,3
1062,12369,1
1063,4735,5
1064,12237,1
1065,12205,1
1066,12206,1
1067,12172,2
1068,12351,1
1069,3464,1
1070,9026,1
1071,4127,5
1072,4161,3
1073,12282,1
1074,12213,1
1075,12251,1
1076,6006,1
1077,12420,1
1078,12383,1
1079,12356,1
1080,11696,4
1081,9758,1
1082,12330,1
1083,10159,2
1084,12105,1
1085,12106,1
1086,12112,1
1087,12207,1
1088,12209,1
1089,9766,3
1090,12318,1
1091,2021,2
1092,10017,1
1093,12319,1
1094,3680,2
1095,12124,1
1096,12315,1
1097,12156,1
1098,12212,1
1099,12366,1
1100,43,3
1101,8943,2
1102,12173,1
1103,12174,1
1104,12175,1
1105,12176,1
1106,12177,1
1107,12264,1
1108,12265,1
1109,12314,1
1110,11890,1
1111,3000,1
1112,2689,1
1113,2684,1
1114,6917,2
1115,12217,1
1116,12286,1
1117,12360,1
1118,12361,1
1119,12362,1
1120,12238,2
1121,5586,1
1122,12183,2
1123,12161,1
1124,11926,2
1125,7951,8
1126,12165,2
1127,11062,1
1128,12145,1
1129,12146,1
1130,12147,1
1131,12241,2
1132,4325,1
1133,12122,1
1134,12248,1
1135,4073,1
1136,4076,1
1137,8648,1
1138,12457,1
1139,12458,1
1140,12459,1
1141,12460,1
1142,12461,1
1143,12462,1
1144,12569,1
1145,12570,1
1146,12571,1
1147,12572,1
1148,12573,1
1149,12574,1
1150,12575,1
1151,12576,1
1152,12577,1
1153,12578,1
1154,700,1
1155,12589,1
1156,9562,1
1157,12615,1
1158,12440,1
1159,482,1
1160,12749,1
1161,12355,1
1162,12626,1
1163,9472,1
1164,12443,1
1165,5749,3
1166,12658,1
1167,12478,1
1168,12783,1
1169,9795,2
1170,12629,4
1171,12475,1
1172,11080,1
1173,8606,1
1174,5636,4
1175,12680,2
1176,12738,1
1177,12482,1
1178,12591,1
1179,12609,4
1180,12484,1
1181,12777,1
1182,12676,2
1183,12480,1
1184,12656,1
1185,12453,1
1186,12601,1
1187,12636,1
1188,12773,1
1189,12774,1
1190,12766,1
1191,12778,1
1192,12445,1
1193,12638,1
1194,12664,1
1195,9863,3
1196,12728,2
1197,9628,2
1198,7932,1
1199,12447,1
1200,12463,1
1201,12678,1
1202,12631,1
1203,10042,1
1204,12429,1
1205,12616,1
1206,5486,1
1207,8121,1
1208,12550,1
1209,12558,1
1210,9852,1
1211,12668,3
1212,13876,6
1213,12508,1
1214,7915,1
1215,12614,1
1216,12452,1
1217,12743,2
1218,5184,1
1219,15470,1
1220,12735,1
1221,6609,1
1222,11668,3
1223,12604,1
1224,12642,9
1225,12657,1
1226,16858,1
1227,12567,1
1228,12094,2
1229,8170,1
1230,4993,5
1231,12479,1
1232,5070,1
1233,12523,1
1234,12681,1
1235,12467,1
1236,12483,1
1237,12439,1
1238,12433,1
1239,9592,1
1240,12490,1
1241,12524,1
1242,9157,3
1243,12679,1
1244,12737,1
1245,12485,1
1246,4341,8
1247,12543,1
1248,12451,1
1249,12520,1
1250,12730,1
1251,6903,1
1252,12477,1
1253,12691,1
1254,11079,1
1255,465,4
1256,12981,1
1257,5349,3
1258,7838,1
1259,5766,3
1260,5600,1
1261,12823,1
1262,5787,1
1263,8714,1
1264,12942,1
1265,5577,3
1266,4142,6
1267,13117,1
1268,13173,1
1269,12972,1
1270,11372,3
1271,13128,1
1272,12928,1
1273,13037,1
1274,12852,1
1275,4979,1
1276,13057,1
1277,13073,7
1278,9661,7
1279,11266,6
1280,12871,3
1281,12872,1
1282,12873,1
1283,12874,1
1284,12798,1
1285,12800,1
1286,7930,1
1287,12875,2
1288,12910,1
1289,12993,1
1290,12978,1
1291,13034,1
1292,12973,1
1293,12951,1
1294,12817,3
1295,13065,8
1296,12901,1
1297,12851,1
1298,13074,1
1299,2623,1
1300,7897,1
1301,12790,1
1302,8519,2
1303,12849,1
1304,5337,3
1305,6918,1
1306,4741,1
1307,13023,1
1308,2734,3
1309,14407,2
1310,14408,2
1311,14409,2
1312,13081,2
1313,12815,1
1314,12953,1
1315,12859,1
1316,13061,1
1317,3814,3
1318,13223,1
1319,12921,1
1320,13118,1
1321,12870,4
1322,13120,1
1323,2242,1
1324,12801,1
1325,13116,1
1326,13098,1
1327,12331,2
1328,4163,1
1329,12805,1
1330,12806,1
1331,13188,1
1332,12796,1
1333,13063,1
1334,13090,1
1335,13141,1
1336,13062,1
1337,12846,1
1338,12821,1
1339,12936,1
1340,16867,1
1341,13111,2
1342,6651,1
1343,8892,1
1344,12943,1
1345,12811,2
1346,12812,1
1347,5919,1
1348,13152,2
1349,2271,1
1350,12902,2
1351,12840,1
1352,13096,1
1353,13097,1
1354,12794,4
1355,9647,2
1356,12793,7
1357,12841,1
1358,12822,1
1359,13039,1
1360,13078,1
1361,13258,1
1362,13155,1
1363,12944,1
1364,9785,1
1365,12375,1
1366,6555,1
1367,13266,2
1368,13368,4
1369,13352,1
1370,10516,1
1371,11351,3
1372,11435,1
1373,13308,1
1374,13309,1
1375,13310,2
1376,13311,1
1377,13312,1
1378,13313,1
1379,13314,1
1380,13315,1
1381,13316,1
1382,13317,1
1383,13319,1
1384,13320,2
1385,13321,1
1386,13322,1
1387,13323,1
1388,13236,1
1389,13139,1
1390,13738,1
1391,13675,2
1392,13676,1
1393,13739,1
1394,16236,3
1395,16237,1
1396,16238,1
1397,13190,2
1398,13485,1
1399,13197,1
1400,2290,4
1401,6366,3
1402,13723,1
1403,13659,1
1404,15588,2
1405,2992,3
1406,12472,1
1407,13587,1
1408,11921,1
1409,13267,1
1410,15537,1
1411,13422,1
1412,13376,1
1413,13597,1
1414,13250,1
1415,13064,2
1416,13091,2
1417,13218,6
1418,13219,1
1419,13220,1
1420,13221,1
1421,13224,2
1422,13225,1
1423,13226,1
1424,13516,1
1425,13281,1
1426,13406,1
1427,12892,2
1428,13229,1
1429,13724,1
1430,9666,1
1431,10741,1
1432,13663,1
1433,7886,1
1434,13335,1
1435,13249,1
1436,5408,1
1437,13437,1
1438,13736,1
1439,13683,1
1440,13407,1
1441,13341,1
1442,13658,1
1443,12010,2
1444,13391,1
1445,13463,1
1446,13632,1
1447,13342,1
1448,13343,1
1449,13344,1
1450,13345,1
1451,13346,1
1452,13418,2
1453,11105,9
1454,13480,2
1455,13239,1
1456,12879,2
1457,13203,1
1458,13356,2
1459,13382,1
1460,13330,1
1461,13257,1
1462,16878,1
1463,13301,2
1464,13233,1
1465,13279,1
1466,13254,1
1467,1326,2
1468,13332,2
1469,13470,1
1470,13282,1
1471,13442,1
1472,13484,1
1473,8816,2
1474,13747,1
1475,11268,1
1476,13259,5
1477,13514,1
1478,11011,1
1479,10277,1
1480,3260,2
1481,13703,1
1482,13408,1
1483,13306,1
1484,16879,1
1485,13714,1
1486,11944,1
1487,13428,1
1488,13429,1
1489,13430,1
1490,13431,1
1491,13432,1
1492,13434,1
1493,13435,1
1494,13436,1
1495,13619,1
1496,13620,1
1497,9690,1
1498,13733,1
1499,13737,1
1500,1299,1
1501,13354,1
1502,13590,1
1503,13591,1
1504,13481,1
1505,184,1
1506,13642,1
1507,13339,1
1508,13307,1
1509,13237,1
1510,13540,1
1511,13541,1
1512,13542,1
1513,13543,1
1514,13544,1
1515,13545,1
1516,13546,1
1517,13547,1
1518,13548,1
1519,13549,1
1520,13550,1
1521,13551,1
1522,13552,1
1523,13554,1
1524,13555,1
1525,13556,1
1526,13557,1
1527,13558,1
1528,13559,1
1529,13560,1
1530,13561,1
1531,15763,1
1532,13355,1
1533,2030,1
1534,1995,1
1535,13326,6
1536,1752,1
1537,13378,1
1538,11319,1
1539,13685,1
1540,13288,1
1541,13331,1
1542,13629,2
1543,13630,1
1544,13433,1
1545,13665,1
1546,6711,1
1547,8656,1
1548,13280,1
1549,13457,1
1550,13671,1
1551,13711,1
1552,13397,1
1553,13327,1
1554,13402,1
1555,13735,1
1556,6379,3
1557,13729,1
1558,16027,1
1559,11662,3
1560,13424,1
1561,14112,1
1562,14108,1
1563,14161,1
1564,13868,2
1565,14230,2
1566,13770,3
1567,13771,3
1568,13772,3
1569,13773,3
1570,14202,1
1571,13811,2
1572,13814,1
1573,14325,1
1574,11715,2
1575,13867,2
1576,13875,2
1577,15801,1
1578,15802,1
1579,13816,1
1580,14138,1
1581,14387,1
1582,13764,2
1583,13765,1
1584,14235,1
1585,14002,1
1586,13979,1
1587,3757,1
1588,14115,1
1589,13987,1
1590,14148,1
1591,13992,1
1592,901,1
1593,13849,1
1594,14349,1
1595,6770,1
1596,6486,1
1597,14064,1
1598,16886,1
1599,14181,1
1600,14110,1
1601,14180,1
1602,13920,1
1603,13921,1
1604,13922,1
1605,16887,1
1606,14114,1
1607,13912,5
1608,13913,5
1609,13914,5
1610,16888,1
1611,10843,2
1612,12125,1
1613,14267,1
1614,14268,1
1615,14269,1
1616,11985,2
1617,12190,7
1618,4099,2
1619,8741,7
1620,14246,2
1621,14247,2
1622,16890,1
1623,14284,1
1624,8984,1
1625,14398,1
1626,14393,1
1627,14394,1
1628,14378,1
1629,14379,1
1630,14380,1
1631,14381,1
1632,14382,1
1633,16891,1
1634,14242,1
1635,16892,1
1636,13882,14
1637,13883,14
1638,13884,14
1639,13885,14
1640,13886,14
1641,12754,3
1642,13971,2
1643,8520,2
1644,14273,1
1645,10263,1
1646,9375,2
1647,11902,1
1648,13941,1
1649,12448,7
1650,14376,1
1651,11332,3
1652,8129,1
1653,9102,2
1654,11263,2
1655,13923,1
1656,13924,1
1657,13925,1
1658,13926,1
1659,13927,1
1660,13928,1
1661,13929,1
1662,13930,1
1663,13932,1
1664,13933,1
1665,13934,1
1666,13935,1
1667,16894,1
1668,14184,1
1669,14096,1
1670,14162,1
1671,14163,1
1672,14164,1
1673,14165,1
1674,14166,1
1675,14081,1
1676,11931,5
1677,1866,2
1678,14080,1
1679,11522,2
1680,14055,1
1681,14098,1
1682,10950,1
1683,1941,1
1684,13839,1
1685,14344,1
1686,14050,1
1687,10967,1
1688,13208,19
1689,13866,1
1690,13872,1
1691,14755,1
1692,12277,8
1693,13895,6
1694,14263,1
1695,70,1
1696,12009,2
1697,14248,1
1698,13762,1
1699,2113,1
1700,13901,1
1701,14241,1
1702,10325,3
1703,14066,1
1704,14133,1
1705,13889,1
1706,13890,1
1707,14060,1
1708,14061,1
1709,14062,1
1710,14237,1
1711,3622,1
1712,12441,1
1713,14069,1
1714,13767,1
1715,13768,1
1716,462,1
1717,13852,1
1718,14155,1
1719,13980,1
1720,14067,1
1721,12285,3
1722,9997,9
1723,3407,1
1724,13937,3
1725,14253,1
1726,6773,1
1727,8413,3
1728,13813,2
1729,14206,1
1730,14207,1
1731,14208,1
1732,14209,1
1733,14018,2
1734,14059,1
1735,12612,1
1736,14169,1
1737,14170,1
1738,5147,2
1739,10250,2
1740,15183,1
1741,14132,2
1742,13892,1
1743,13894,1
1744,14239,1
1745,11095,2
1746,5235,1
1747,14083,1
1748,13810,1
1749,9145,1
1750,6912,11
1751,13853,1
1752,14392,1
1753,13075,2
1754,14051,1
1755,13881,2
1756,13975,1
1757,13976,1
1758,14790,1
1759,1633,1
1760,8977,1
1761,13304,1
1762,14610,1
1763,14611,1
1764,14612,1
1765,14613,1
1766,14614,1
1767,14680,1
1768,14771,2
1769,14521,1
1770,3700,2
1771,10339,3
1772,14757,2
1773,14758,2
1774,14759,2
1775,12654,1
1776,13798,2
1777,14808,1
1778,14590,1
1779,14591,1
1780,14592,1
1781,14593,1
1782,14597,1
1783,14598,1
1784,11549,1
1785,5015,2
1786,14571,1
1787,14701,1
1788,16902,1
1789,1035,1
1790,14520,1
1791,5360,1
1792,14863,1
1793,8113,1
1794,12795,2
1795,13824,6
1796,13825,5
1797,14722,1
1798,14723,2
1799,14823,1
1800,3524,2
1801,13831,2
1802,13832,2
1803,13833,2
1804,13834,2
1805,14530,3
1806,14531,3
1807,14532,2
1808,14533,2
1809,14534,2
1810,14535,2
1811,14536,2
1812,14537,2
1813,14538,2
1814,14539,2
1815,8106,1
1816,14554,1
1817,14801,1
1818,9889,1
1819,14824,1
1820,14746,1
1821,14741,1
1822,14786,1
1823,14731,1
1824,14756,1
1825,9846,1
1826,14671,1
1827,14844,1
1828,14497,1
1829,14793,1
1830,14754,1
1831,14666,1
1832,3631,1
1833,14795,1
1834,14798,1
1835,14688,2
1836,9545,1
1837,14817,1
1838,14695,1
1839,14576,1
1840,14471,1
1841,9105,1
1842,14809,1
1843,14822,1
1844,11879,2
1845,13196,2
1846,14435,1
1847,14436,1
1848,14437,1
1849,14438,1
1850,14439,1
1851,14555,1
1852,14828,1
1853,14829,1
1854,14705,1
1855,1792,1
1856,14811,1
1857,3546,1
1858,1890,1
1859,14442,1
1860,14443,1
1861,14444,1
1862,14445,1
1863,14446,1
1864,12218,1
1865,14621,1
1866,14687,1
1867,16908,1
1868,16909,1
1869,9258,1
1870,12143,2
1871,13359,2
1872,14490,4
1873,14491,2
1874,14492,1
1875,14493,1
1876,14787,1
1877,14779,1
1878,14519,1
1879,14469,1
1880,14470,1
1881,11010,1
1882,14776,1
1883,14570,1
1884,16910,1
1885,14797,1
1886,14777,1
1887,3938,2
1888,14487,1
1889,14664,1
1890,9959,1
1891,14789,1
1892,14719,1
1893,14651,1
1894,14652,1
1895,14653,1
1896,14654,1
1897,14669,1
1898,14838,1
1899,14494,4
1900,14495,1
1901,14677,1
1902,12502,1
1903,14412,1
1904,14625,3
1905,11943,3
1906,14616,1
1907,14768,1
1908,14849,1
1909,3827,1
1910,14806,1
1911,14807,1
1912,14813,1
1913,14713,1
1914,14714,1
1915,14715,1
1916,7985,1
1917,14690,6
1918,2844,1
1919,3574,1
1920,14668,1
1921,14785,1
1922,15167,1
1923,846,1
1924,4686,1
1925,14913,1
1926,14956,2
1927,8080,2
1928,15153,1
1929,15154,1
1930,15155,1
1931,15156,1
1932,9183,4
1933,13877,3
1934,14889,2
1935,14890,2
1936,14891,2
1937,11605,1
1938,14265,5
1939,15182,1
1940,11443,1
1941,14981,1
1942,14888,1
1943,16914,1
1944,8958,2
1945,9523,2
1946,9930,2
1947,14483,3
1948,14484,3
1949,13756,1
1950,15051,1
1951,14950,1
1952,12414,2
1953,14951,1
1954,10254,1
1955,11655,1
1956,15193,1
1957,9120,1
1958,5183,2
1959,12853,2
1960,14933,2
1961,14254,1
1962,16339,1
1963,14925,1
1964,2420,1
1965,14264,3
1966,14990,2
1967,13108,5
1968,14178,5
1969,14179,5
1970,9560,6
1971,15401,4
1972,15741,2
1973,14935,1
1974,14720,3
1975,14721,3
1976,15188,1
1977,4122,1
1978,8506,2
1979,9028,1
1980,11603,1
1981,15086,1
1982,15088,1
1983,15091,1
1984,15092,1
1985,15093,1
1986,15094,1
1987,15079,1
1988,6140,1
1989,10312,1
1990,11872,2
1991,15041,1
1992,15042,1
1993,15063,1
1994,15006,1
1995,15694,1
1996,15096,1
1997,11487,1
1998,15245,1
1999,16918,1
2000,14262,2
2001,15061,1
2002,8663,1
2003,15013,1
2004,12662,1
2005,8064,1
2006,15075,1
2007,14919,1
2008,14903,1
2009,14070,1
2010,15083,1
2011,15020,1
2012,15111,1
2013,15112,1
2014,14877,1
2015,15251,1
2016,14979,1
2017,15216,1
2018,15084,2
2019,15104,2
2020,15196,1
2021,4731,3
2022,14013,1
2023,7858,2
2024,12810,2
2025,14958,1
2026,11498,1
2027,15198,1
2028,15040,1
2029,14270,3
2030,14271,2
2031,14272,2
2032,15253,1
2033,15254,1
2034,14994,2
2035,15000,1
2036,14957,1
2037,5618,1
2038,13887,1
2039,15181,1
2040,15014,1
2041,15078,1
2042,15072,1
2043,14929,1
2044,2676,1
2045,15071,1
2046,8243,1
2047,8290,3
2048,14892,1
2049,14893,1
2050,14894,2
2051,14895,1
2052,11346,2
2053,14885,2
2054,13888,3
2055,12096,1
2056,13180,1
2057,14941,1
2058,14918,1
2059,14874,1
2060,16214,1
2061,16172,1
2062,13278,4
2063,15248,1
2064,15256,1
2065,15257,3
2066,14875,1
2067,14872,1
2068,14917,1
2069,14418,1
2070,545,1
2071,6425,1
2072,14934,1
2073,11484,1
2074,14871,1
2075,14876,1
2076,15081,1
2077,8929,1
2078,15007,1
2079,5386,1
2080,15008,1
2081,15010,1
2082,11234,1
2083,13797,1
2084,13800,1
2085,13801,1
2086,13802,1
2087,14942,1
2088,14943,1
2089,14944,1
2090,15355,4
2091,15423,1
2092,15161,1
2093,15492,1
2094,15259,1
2095,11430,3
2096,15319,2
2097,15314,2
2098,15342,1
2099,5616,1
2100,2387,2
2101,15417,1
2102,15289,1
2103,15460,1
2104,3831,3
2105,8058,1
2106,4899,1
2107,15441,1
2108,15398,1
2109,15328,1
2110,15329,1
2111,7151,1
2112,10607,1
2113,14458,1
2114,14459,1
2115,14460,1
2116,15472,1
2117,15493,1
2118,15358,1
2119,15419,1
2120,15420,1
2121,15471,1
2122,15489,1
2123,15490,1
2124,11735,1
2125,15447,1
2126,2725,1
2127,10121,1
2128,15311,1
2129,1005,2
2130,4446,4
2131,5738,2
2132,13399,1
2133,13864,4
2134,14553,2
2135,15168,4
2136,15805,2
2137,15806,2
2138,15807,2
2139,15938,1
2140,15939,1
2141,15940,1
2142,15941,1
2143,15942,1
2144,15943,1
2145,15301,1
2146,11009,1
2147,15306,1
2148,15325,1
2149,14017,1
2150,13775,1
2151,9333,2
2152,15475,1
2153,2483,1
2154,15288,1
2155,13763,2
2156,15318,1
2157,15312,1
2158,15261,1
2159,15413,1
2160,15414,1
2161,15415,1
2162,6200,1
2163,15354,1
2164,15307,1
2165,15469,1
2166,15456,1
2167,11817,1
2168,15265,1
2169,9470,1
2170,15326,1
2171,15357,1
2172,10117,1
2173,15273,1
2174,15297,1
2175,15324,1
2176,16928,1
2177,15687,1
2178,15691,1
2179,15709,1
2180,8878,4
2181,16929,1
2182,10633,1
2183,2181,1
2184,9383,1
2185,15559,1
2186,15560,1
2187,15720,1
2188,15804,4
2189,9411,1
2190,15531,1
2191,15424,1
2192,11659,1
2193,9670,2
2194,11777,1
2195,15613,1
2196,15771,1
2197,16935,1
2198,14752,1
2199,9787,2
2200,15775,1
2201,16936,1
2202,15716,1
2203,16937,1
2204,15835,1
2205,11730,1
2206,15605,1
2207,4109,1
2208,13293,2
2209,15572,1
2210,15573,1
2211,15574,1
2212,15575,1
2213,15576,1
2214,15581,1
2215,15582,1
2216,15820,1
2217,9003,1
2218,15604,1
2219,9880,1
2220,10135,1
2221,15736,1
2222,15737,1
2223,15738,1
2224,15739,1
2225,15740,1
2226,11718,2
2227,15517,1
2228,15518,1
2229,15519,1
2230,15520,1
2231,15521,1
2232,15522,1
2233,15523,1
2234,15524,1
2235,15667,1
2236,11449,1
2237,15630,2
2238,15631,1
2239,16938,1
2240,15674,1
2241,15695,1
2242,15718,1
2243,15815,1
2244,10195,2
2245,15566,1
2246,9111,1
2247,15551,1
2248,15607,1
2249,13102,1
2250,15570,1
2251,15571,1
2252,15757,1
2253,9300,1
2254,15657,1
2255,15554,1
2256,15555,1
2257,92,1
2258,6176,2
2259,11721,2
2260,15528,2
2261,15529,2
2262,15660,1
2263,15601,1
2264,15647,1
2265,15712,1
2266,15705,1
2267,15812,1
2268,15813,1
2269,15636,1
2270,12997,1
2271,15810,1
2272,15608,2
2273,15773,1
2274,15770,1
2275,15590,1
2276,14522,1
2277,14523,1
2278,15589,2
2279,15733,1
2280,15617,1
2281,15618,1
2282,15619,1
2283,3905,1
2284,15811,1
2285,11497,1
2286,15637,1
2287,15725,1
2288,15726,1
2289,15727,1
2290,15728,1
2291,15729,1
2292,16944,1
2293,6473,1
2294,10226,1
2295,15721,1
2296,15703,1
2297,15542,1
2298,1939,1
2299,15642,1
2300,15723,1
2301,15305,1
2302,16945,1
2303,15699,1
2304,15702,1
2305,10489,1
2306,15785,1
2307,15675,1
2308,15780,1
2309,14940,1
2310,15364,1
2311,15768,1
2312,15769,1
2313,15732,1
2314,15352,1
2315,16011,1
2316,9338,1
2317,16037,1
2318,13631,2
2319,16023,1
2320,8855,1
2321,15851,1
2322,16014,1
2323,16016,1
2324,16012,1
2325,15393,1
2326,15843,1
2327,15844,1
2328,15845,1
2329,15846,1
2330,3277,1
2331,10074,1
2332,10105,1
2333,13015,1
2334,15837,1
2335,15838,1
2336,15839,1
2337,15975,1
2338,15976,2
2339,15977,1
2340,16013,1
2341,15840,1
2342,16031,1
2343,15884,1
2344,16061,1
2345,1813,1
2346,4584,1
2347,62,1
2348,9807,1
2349,11382,1
2350,16020,1
2351,15987,1
2352,9542,1
2353,13743,1
2354,15882,1
2355,15983,1
2356,15984,1
2357,15927,1
2358,16001,1
2359,15868,1
2360,16057,1
2361,15933,1
2362,16065,1
2363,15992,1
2364,15881,1
2365,15872,1
2366,7115,1
2367,15944,1
2368,15921,1
2369,12667,1
2370,15932,1
2371,2258,1
2372,15929,1
2373,6954,1
2374,15887,1
2375,16062,1
2376,9080,1
2377,15917,1
2378,15828,1
2379,15993,1
2380,15504,1
2381,15900,1
2382,5786,1
2383,9483,1
2384,12819,1
2385,16043,1
2386,16015,1
2387,949,1
2388,8103,1
2389,15928,1
2390,1857,1
2391,15952,1
2392,16040,1
2393,16157,1
2394,16154,1
2395,16342,1
2396,16077,2
2397,16087,1
2398,4124,1
2399,16159,1
2400,2287,1
2401,16330,1
2402,16331,1
2403,16211,1
2404,16212,1
2405,13058,1
2406,16126,1
2407,16127,1
2408,16132,1
2409,16133,1
2410,16181,1
2411,16293,1
2412,10389,1
2413,15503,2
2414,16249,1
2415,16118,1
2416,16242,1
2417,16294,1
2418,16213,1
2419,2645,1
2420,16220,1
2421,16100,1
2422,16105,1
2423,16107,1
2424,16108,1
2425,16109,1
2426,12160,1
2427,16176,1
2428,16177,1
2429,16090,1
2430,765,1
2431,12392,1
2432,16223,1
2433,16229,1
2434,16282,1
2435,16283,1
2436,16273,1
2437,16256,1
2438,4119,1
2439,15786,1
2440,15787,1
2441,15788,1
2442,15789,1
2443,15790,1
2444,15794,1
2445,4132,1
2446,13198,1
2447,13687,1
2448,15879,1
2449,16147,1
2450,5816,1
2451,12720,1
2452,16117,1
2453,4106,1
2454,16317,1
2455,16318,1
2456,9870,1
2457,14200,1
2458,14201,1
2459,15990,1
2460,10132,1
2461,16232,1
2462,16952,1
2463,12542,1
2464,9619,1
2465,16071,1
2466,16166,1
2467,16291,1
2468,15875,1
2469,731,1
2470,9865,1
2471,16162,1
2472,16163,1
2473,7104,1
2474,16328,1
2475,16094,1
2476,16184,1
2477,16295,1
2478,16244,1
2479,16156,1
2480,16280,1
2481,9053,1
2482,2644,1
2483,16279,1
2484,10099,1
2485,16327,2
2486,16265,1
2487,16266,1
2488,16179,1
2489,16081,1
2490,2677,1
2491,16263,1
2492,1638,1
2493,16250,1
2494,16140,1
2495,16141,1
2496,16202,1
2497,16095,1
2498,16130,1
2499,16259,1
2500,11357,1
2501,2485,1
2502,16435,2
2503,16482,1
2504,16483,1
2505,16380,1
2506,16582,1
2507,16519,1
2508,16520,1
2509,16521,1
2510,16522,1
2511,14251,1
2512,5872,1
2513,16544,1
2514,11657,1
2515,16408,1
2516,16573,1
2517,16585,1
2518,16594,1
2519,16595,1
2520,10261,1
2521,16612,1
2522,8187,3
2523,9469,1
2524,15388,1
2525,15389,1
2526,15390,2
2527,16438,1
2528,7872,1
2529,16430,1
2530,16395,1
2531,16957,1
2532,16400,1
2533,16401,1
2534,16402,1
2535,8437,1
2536,9649,1
2537,16381,1
2538,9479,1
2539,16602,1
2540,16603,1
2541,16604,1
2542,16605,1
2543,5365,1
2544,5949,1
2545,16611,1
2546,16375,1
2547,16564,1
2548,16536,1
2549,16549,1
2550,9147,1
2551,16348,1
2552,16527,1
2553,16576,1
2554,16548,1
2555,16586,1
2556,16345,1
2557,16346,1
2558,10227,1
2559,16426,1
2560,14518,1
2561,1978,1
2562,8046,1
2563,12856,1
2564,15109,1
2565,16452,1
2566,16489,1
2567,16490,1
2568,16491,1
2569,16492,1
2570,16493,1
2571,16494,1
2572,16495,1
2573,16496,1
2574,16497,1
2575,16498,1
2576,16499,1
2577,16500,1
2578,16501,1
2579,16502,1
2580,16503,1
2581,16504,1
2582,16505,1
2583,16506,1
2584,16507,1
2585,16508,1
2586,16509,1
2587,16510,1
2588,16511,1
2589,16512,1
2590,16513,1
2591,16514,1
2592,16515,1
2593,16516,1
2594,16517,1
2595,16518,1
2596,16958,1
2597,16476,1
2598,16410,1
2599,16347,1
2600,16412,1
2601,8806,1
2602,3434,1
2603,9135,1
2604,14451,1
2605,16416,1
2606,16454,1
2607,16429,1
2608,8891,3
2609,8091,1
2610,16960,1
2611,16609,1
2612,16589,1
2613,9131,1
2614,15402,1
2615,5391,1
2616,16369,1
2617,16565,1
2618,16591,1
2619,6423,1
2620,6276,1
2621,16368,1
2622,1220,1
2623,16377,1
2624,10001,1
2625,10324,1
2626,16569,1
2627,16534,1
2628,16436,1
2629,16962,1
2630,16428,2
2631,16547,1
2632,15371,1
2633,16425,1
2634,16546,1
2635,6927,1
2636,16551,1
2637,16539,1
2638,16473,1
2639,16456,1
2640,12008,1
2641,12116,1
2642,16598,1
2643,16387,1
2644,16524,1
2645,16458,1
2646,16459,1
2647,16460,1
2648,16461,1
2649,16462,1
2650,16463,1
2651,16464,1
2652,16615,1
2653,11504,1
2654,1430,1
2655,16533,1
2656,16567,1
2657,16526,1
2658,16543,1
2659,16610,1
2660,15669,1
2661,16457,1
2662,16593,1
